id,first_name,last_name,email,age,gender,department
1,Andrei,Gilphillan,agilphillan0@list-manage.com,29,Female,Services
2,Manda,Shearer,mshearer1@cnbc.com,39,Female,Business Development
3,Kristian,Dun,kdun2@123-reg.co.uk,29,Male,Services
4,Halli,Delmage,hdelmage3@sbwire.com,39,Female,Engineering
5,Clementius,Andrejevic,candrejevic4@washingtonpost.com,27,Male,Services
6,Bendix,Alf,balf5@dailymail.co.uk,45,Male,Engineering
7,Igor,Nickoll,inickoll6@ca.gov,25,Male,Engineering
8,Cory,Rothon,crothon7@sun.com,25,Male,Support
9,Melita,Rotherforth,mrotherforth8@who.int,45,Female,Human Resources
10,Adlai,Smoughton,asmoughton9@newsvine.com,39,Male,Accounting
11,Pacorro,Pinilla,ppinillaa@tamu.edu,35,Male,Sales
12,Ora,Starmer,ostarmerb@vistaprint.com,,Female,Marketing
13,Clint,Wilcinskis,cwilcinskisc@hugedomains.com,39,Male,Human Resources
14,Gaston,Linnell,glinnelld@utexas.edu,39,Male,Business Development
15,Kurt,Sealeaf,ksealeafe@yelp.com,45,Male,Support
16,Nanice,Bramwell,nbramwellf@ifeng.com,27,Female,Accounting
17,Trey,Marsay,tmarsayg@naver.com,35,Male,Business Development
18,Lise,Petrollo,lpetrolloh@dedecms.com,29,Female,Engineering
19,Lorenzo,Scrimshire,lscrimshirei@dell.com,35,Male,
20,Ginny,Farlambe,gfarlambej@nationalgeographic.com,27,Female,Engineering
21,Myrilla,Pietrzyk,mpietrzykk@pinterest.com,39,Female,Support
22,Axel,Marfield,amarfieldl@va.gov,39,Male,Services
23,Jan,Vale,jvalem@stumbleupon.com,29,Male,Sales
24,Kori,Pinch,kpinchn@globo.com,45,Female,Support
25,Charmine,Tappor,ctapporo@wufoo.com,33,Female,Sales
26,Titos,Coldbathe,tcoldbathep@scribd.com,45,,Human Resources
27,Gar,Delgua,gdelguaq@de.vu,27,Male,Accounting
28,Franciska,Gerding,fgerdingr@nps.gov,35,Female,Services
29,Darrelle,Monk,dmonks@nature.com,39,Female,Marketing
30,Lyda,Daniellot,ldaniellott@moonfruit.com,39,Female,Training
31,Blisse,Bristowe,bbristoweu@tumblr.com,29,Female,Business Development
32,Car,Tibbotts,ctibbottsv@themeforest.net,35,Male,Legal
33,Roley,Thomassin,rthomassinw@cnn.com,39,Male,Services
34,Nicolas,Raeburn,nraeburnx@pcworld.com,39,Male,Product Management
35,Milicent,Scurfield,mscurfieldy@npr.org,,Female,Research and Development
36,Eunice,Dancy,edancyz@reference.com,27,Female,Support
37,North,Rapi,nrapi10@netlog.com,35,Male,Human Resources
38,Karoly,Lympany,klympany11@cbslocal.com,35,Female,Engineering
39,Betti,Angelo,bangelo12@nymag.com,33,Female,Services
40,Winslow,Tesdale,wtesdale13@hugedomains.com,25,Male,Research and Development
41,Dinny,Neely,dneely14@bbc.co.uk,29,Female,Business Development
42,Brandie,Fowlestone,bfowlestone15@google.ru,29,Female,Support
43,Franky,Snoden,fsnoden16@privacy.gov.au,45,Male,Services
44,Aharon,Sanham,asanham17@discovery.com,45,Male,Human Resources
45,Kendall,Swales,kswales18@desdev.cn,33,Male,Engineering
46,Bob,Milbourn,bmilbourn19@github.com,35,Male,Training
47,Tirrell,Forshaw,tforshaw1a@studiopress.com,45,Male,Accounting
48,Katherina,Nangle,knangle1b@vk.com,33,Female,Legal
49,Glenna,Boc,gboc1c@ted.com,45,Female,Engineering
50,Budd,Wakelam,bwakelam1d@upenn.edu,45,Male,Engineering
51,Sabina,Wass,swass1e@jugem.jp,27,Female,Product Management
52,Marabel,Willshear,mwillshear1f@cbc.ca,35,Female,Engineering
53,Myrtia,Cockayme,mcockayme1g@yolasite.com,45,Female,Legal
54,Guillermo,Frenchum,gfrenchum1h@si.edu,45,Male,Marketing
55,Mozes,Gerring,mgerring1i@issuu.com,,Male,Engineering
56,Gay,Priden,gpriden1j@npr.org,27,Male,Accounting
57,Cecile,Brownlea,cbrownlea1k@php.net,35,Female,Human Resources
58,Evaleen,Wethered,ewethered1l@unblog.fr,45,Female,
59,Shannen,Parmeter,sparmeter1m@abc.net.au,27,Female,Sales
60,Noreen,Lye,nlye1n@twitpic.com,35,Female,Business Development
61,Leupold,Ganniclifft,lganniclifft1o@tiny.cc,45,Male,Engineering
62,Fair,Siebert,fsiebert1p@mashable.com,31,Male,Marketing
63,Joceline,Plaice,jplaice1q@seesaa.net,27,Female,Support
64,Charlie,Francecione,cfrancecione1r@timesonline.co.uk,37,Male,Human Resources
65,Howie,Rustman,hrustman1s@paginegialle.it,,Male,Legal
66,Clim,Duthie,cduthie1t@bluehost.com,44,Male,Marketing
67,Eleanora,Tesoe,etesoe1u@washington.edu,25,Female,Product Management
68,Anthia,Dupree,adupree1v@addtoany.com,27,Female,Support
69,Lavina,O' Cloney,locloney1w@upenn.edu,29,Female,Engineering
70,Joline,Kepling,jkepling1x@yale.edu,29,Female,Product Management
71,Casper,McGreary,cmcgreary1y@ning.com,29,Male,Training
72,Ronny,Buglass,rbuglass1z@so-net.ne.jp,25,Female,Research and Development
73,Regan,Disbrow,rdisbrow20@drupal.org,27,Male,Marketing
74,Alene,Goburn,agoburn21@cdbaby.com,29,Female,Legal
75,Saxon,Eglese,seglese22@alexa.com,35,Male,Business Development
76,Brigg,Hendonson,bhendonson23@unc.edu,45,,Engineering
77,Hasheem,Caro,hcaro24@blogs.com,29,Male,Training
78,Lesly,Berre,lberre25@ucsd.edu,39,Female,Research and Development
79,Marlowe,Heersma,mheersma26@symantec.com,25,Male,Sales
80,Chevalier,Malecky,cmalecky27@wordpress.org,27,Male,Services
81,Noe,Peltzer,npeltzer28@rakuten.co.jp,27,Male,Services
82,Querida,Wensley,qwensley29@jimdo.com,39,Female,Product Management
83,Salomon,Jinkinson,sjinkinson2a@acquirethisname.com,35,Male,Training
84,Aeriela,Lyness,alyness2b@canalblog.com,29,Female,Services
85,Mirabelle,Hazeltine,mhazeltine2c@cisco.com,27,Female,Accounting
86,Pascale,Tysall,ptysall2d@java.com,39,Male,Services
87,Eugenius,Skelington,eskelington2e@china.com.cn,39,Male,Services
88,Lilli,Friar,lfriar2f@freewebs.com,29,Female,Product Management
89,Lutero,Allchorn,lallchorn2g@adobe.com,29,Male,Business Development
90,Gar,Geffinger,ggeffinger2h@cdbaby.com,35,Male,Legal
91,Faina,Meeke,fmeeke2i@mail.ru,29,Female,Legal
92,Reggie,Gyngell,rgyngell2j@engadget.com,25,Male,Services
93,Gal,Cousins,gcousins2k@devhub.com,27,Male,Engineering
94,Mariette,Latchmore,mlatchmore2l@clickbank.net,,Female,
95,Sonny,Ilbert,silbert2m@umich.edu,45,Male,Research and Development
96,Marius,Duley,mduley2n@usatoday.com,29,Male,Support
97,Pepita,Brunsden,pbrunsden2o@mapquest.com,33,,Support
98,Cecil,Hovenden,chovenden2p@sbwire.com,25,Male,Engineering
99,Lyman,Acutt,lacutt2q@europa.eu,25,Male,Services
100,Staci,Plenty,splenty2r@qq.com,27,Female,Training
101,Erinna,Cotes,ecotes2s@intel.com,27,Female,Product Management
102,Dare,McGahy,dmcgahy2t@over-blog.com,,Male,Accounting
103,Geneva,Huckerby,ghuckerby2u@howstuffworks.com,33,,Support
104,Dino,Pratty,dpratty2v@rakuten.co.jp,35,Male,Engineering
105,Andie,Swigg,aswigg2w@mediafire.com,33,Female,Sales
106,Celisse,Gerrell,cgerrell2x@github.com,45,Female,Research and Development
107,Lefty,Gaffon,lgaffon2y@studiopress.com,35,Male,Human Resources
108,Von,Skepper,vskepper2z@dyndns.org,35,Male,Product Management
109,Urson,Kittles,ukittles30@smugmug.com,39,Male,Services
110,Garwin,Struys,gstruys31@geocities.com,45,Male,Services
111,Barron,Dorsett,bdorsett32@creativecommons.org,39,Male,Legal
112,Concettina,Shreeve,cshreeve33@seattletimes.com,29,Female,Legal
113,Ilka,Mayhew,imayhew34@ed.gov,29,Female,Business Development
114,Rosabel,Tancock,rtancock35@vk.com,35,Female,Accounting
115,Mitchell,Takos,mtakos36@ebay.co.uk,29,Male,Marketing
116,Colas,Quickfall,cquickfall37@apple.com,35,Male,Product Management
117,Kay,Thirlwall,kthirlwall38@opensource.org,45,Female,Services
118,Bax,Poultney,bpoultney39@moonfruit.com,27,Male,Accounting
119,Ramsey,Balfre,rbalfre3a@home.pl,27,Male,Engineering
120,Tamarra,Drynan,tdrynan3b@hatena.ne.jp,25,Female,Training
121,Brandise,Tall,btall3c@de.vu,25,Female,Engineering
122,Dave,Widdup,dwiddup3d@bluehost.com,45,Male,Product Management
123,Mirelle,Moberley,mmoberley3e@skyrock.com,29,Female,Services
124,Dickie,La Padula,dlapadula3f@springer.com,,Male,Services
125,Esteban,Stephen,estephen3g@a8.net,25,Male,Legal
126,Kerrin,Weatherley,kweatherley3h@fema.gov,35,Female,Business Development
127,Myrilla,Lounds,mlounds3i@ameblo.jp,39,Female,Services
128,Maure,Hanmore,mhanmore3j@wikispaces.com,29,Female,
129,Rowney,Ayres,rayres3k@cocolog-nifty.com,39,Male,Business Development
130,Towney,Jeskins,tjeskins3l@redcross.org,39,Male,Engineering
131,Bekki,Gamlen,bgamlen3m@unblog.fr,45,Female,Services
132,Gaven,Revelle,grevelle3n@mysql.com,29,Male,Engineering
133,Sky,Brumby,sbrumby3o@home.pl,35,Male,Training
134,Goldina,Studdal,gstuddal3p@fc2.com,29,Female,Product Management
135,Desi,Gallant,dgallant3q@china.com.cn,55,Male,Research and Development
136,Clemens,Matejovsky,cmatejovsky3r@histats.com,25,Male,Legal
137,Dinah,Gibling,dgibling3s@yellowbook.com,25,Female,Business Development
138,Hunfredo,Georgescu,hgeorgescu3t@g.co,39,Male,Legal
139,Aaron,Cheine,acheine3u@utexas.edu,30,Male,Research and Development
140,Marthena,Dann,mdann3v@bing.com,25,Female,Training
141,Francoise,Nurcombe,fnurcombe3w@reverbnation.com,27,Female,Human Resources
142,Terrance,Thundercliffe,tthundercliffe3x@sfgate.com,25,Male,Accounting
143,Noelyn,Steabler,nsteabler3y@ted.com,27,Female,Services
144,Corrianne,Swale,cswale3z@so-net.ne.jp,35,Female,Human Resources
145,Lorrin,Isson,lisson40@sun.com,25,Female,Product Management
146,Mechelle,Refford,mrefford41@unblog.fr,29,Female,
147,Shawn,Lamswood,slamswood42@ebay.com,45,Male,Legal
148,Creigh,Showen,cshowen43@example.com,29,Male,Marketing
149,Fina,Perks,fperks44@opera.com,27,Female,Engineering
150,Pansy,Enns,penns45@cargocollective.com,35,Female,Accounting
151,Launce,Markussen,lmarkussen46@guardian.co.uk,39,Male,Human Resources
152,Granny,Bergeon,gbergeon47@wired.com,27,Male,Sales
153,Charlotte,Eastway,ceastway48@utexas.edu,39,Female,Engineering
154,Merola,Gibson,mgibson49@nydailynews.com,27,Female,
155,Blair,Preshaw,bpreshaw4a@fotki.com,27,Female,Training
156,Rose,Pheazey,rpheazey4b@ning.com,27,Female,Human Resources
157,Coralyn,Siggin,csiggin4c@feedburner.com,45,Female,Sales
158,Whitney,Ferrarotti,wferrarotti4d@yandex.ru,39,Male,Marketing
159,Dani,Silvermann,dsilvermann4e@hibu.com,27,Male,Human Resources
160,Alika,Arkley,aarkley4f@51.la,29,Female,Business Development
161,Lazar,Philo,lphilo4g@diigo.com,33,Male,
162,Saidee,Prowting,sprowting4h@youtube.com,45,Female,Support
163,Ophelia,Brazelton,obrazelton4i@oaic.gov.au,27,Female,Marketing
164,Debi,Norree,dnorree4j@theguardian.com,45,Female,Marketing
165,Budd,Rutt,brutt4k@mediafire.com,35,Male,Human Resources
166,Maury,Ramsell,mramsell4l@technorati.com,45,Male,Legal
167,Jermaine,Cruwys,jcruwys4m@macromedia.com,45,Female,Business Development
168,Ethelred,Leaf,eleaf4n@ft.com,29,,Product Management
169,Carol-jean,Hutcheon,chutcheon4o@latimes.com,29,Female,Human Resources
170,Coleman,Kalinsky,ckalinsky4p@wix.com,29,Male,Marketing
171,Weider,Mathet,wmathet4q@naver.com,25,Male,Support
172,Godard,Saffrin,gsaffrin4r@xinhuanet.com,25,Male,Research and Development
173,Beitris,Petran,bpetran4s@bbc.co.uk,27,Female,Support
174,Pedro,Helmke,phelmke4t@prnewswire.com,45,Male,Legal
175,Lauritz,Dyhouse,ldyhouse4u@dedecms.com,39,Male,Engineering
176,Adelind,Meaders,ameaders4v@mail.ru,25,Female,Engineering
177,Clevie,Watmore,cwatmore4w@g.co,25,Male,Accounting
178,Clo,Gyngell,cgyngell4x@usatoday.com,39,Female,Product Management
179,Mayer,Whitham,mwhitham4y@va.gov,37,Male,Legal
180,Carie,Kenward,ckenward4z@issuu.com,45,Female,Services
181,Carree,Fearfull,cfearfull50@domainmarket.com,27,Female,Product Management
182,Phillie,Veschambes,pveschambes51@surveymonkey.com,35,Female,Marketing
183,Kamillah,Volks,kvolks52@trellian.com,,Female,Engineering
184,Georgie,Sinney,gsinney53@cmu.edu,36,Male,Services
185,Nikola,Cooney,ncooney54@usnews.com,39,Male,Sales
186,Colline,Gawke,cgawke55@kickstarter.com,39,Female,Business Development
187,Amos,Dumbarton,adumbarton56@nhs.uk,27,Male,Sales
188,Hamlin,Stanway,hstanway57@wordpress.com,39,Male,Legal
189,Antonius,Spoerl,aspoerl58@hp.com,39,Male,Research and Development
190,Halli,Baulcombe,hbaulcombe59@cyberchimps.com,45,Female,Services
191,Millisent,Sidery,msidery5a@narod.ru,25,Female,Training
192,Elsey,Hicken,ehicken5b@psu.edu,45,Female,Services
193,Sandro,Gavini,sgavini5c@istockphoto.com,27,Male,Services
194,Chev,Parkinson,cparkinson5d@phpbb.com,45,Male,Product Management
195,Jerry,Klimashevich,jklimashevich5e@facebook.com,32,Male,Business Development
196,Aylmar,Pattie,apattie5f@theguardian.com,25,Male,Product Management
197,Doug,Hessel,dhessel5g@biglobe.ne.jp,39,Male,Product Management
198,Tristan,Chippendale,tchippendale5h@ow.ly,29,Male,Research and Development
199,Galven,Tease,gtease5i@china.com.cn,45,Male,Business Development
200,Ruthe,Piddick,rpiddick5j@goo.gl,27,Female,Legal
201,Jaclin,Mitchinson,jmitchinson5k@sphinn.com,35,Female,Accounting
202,Dania,Lethabridge,dlethabridge5l@dot.gov,25,Female,Research and Development
203,Lani,Lamdin,llamdin5m@1und1.de,33,Female,Training
204,Hilda,Windous,hwindous5n@illinois.edu,45,Female,Engineering
205,Wilton,Purdie,wpurdie5o@a8.net,36,Male,Engineering
206,Adrianne,Gollard,agollard5p@goo.gl,25,Female,Marketing
207,Philbert,Byfford,pbyfford5q@sitemeter.com,27,Male,Accounting
208,Morris,Mathers,mmathers5r@desdev.cn,27,Male,Business Development
209,Lia,Standen,lstanden5s@typepad.com,27,Female,Training
210,Terencio,Castro,tcastro5t@nationalgeographic.com,29,Male,Support
211,Aharon,Tabram,atabram5u@goo.ne.jp,29,Male,
212,Babb,Mallinson,bmallinson5v@multiply.com,35,Female,Human Resources
213,Florette,Tuckley,ftuckley5w@google.it,39,Female,
214,Dietrich,Hagard,dhagard5x@about.me,39,Male,Business Development
215,Mauricio,Keir,mkeir5y@dion.ne.jp,25,Male,Human Resources
216,Saudra,Daunay,sdaunay5z@booking.com,25,Female,Engineering
217,Meggi,Ledwith,mledwith60@narod.ru,45,Female,Business Development
218,Silvio,Gillam,sgillam61@answers.com,27,,Engineering
219,Chiquita,Konig,ckonig62@bigcartel.com,27,Female,Business Development
220,Teodoro,Philipsohn,tphilipsohn63@army.mil,25,Male,Services
221,Wes,Wittering,wwittering64@sogou.com,29,Male,Engineering
222,Bethanne,Fairbrother,bfairbrother65@yale.edu,25,Female,Marketing
223,Starlene,Knatt,sknatt66@angelfire.com,27,Female,Accounting
224,Rorke,Howse,rhowse67@technorati.com,29,Male,Services
225,Yorker,Holdworth,yholdworth68@imgur.com,25,Male,Sales
226,Sandro,Roly,sroly69@shop-pro.jp,25,Male,Accounting
227,Horatio,Mariaud,hmariaud6a@un.org,27,Male,Accounting
228,Rosco,Mastrantone,rmastrantone6b@bbc.co.uk,27,Male,Services
229,Luca,Fawson,lfawson6c@toplist.cz,27,Male,Sales
230,Hyatt,Varden,hvarden6d@disqus.com,45,Male,Human Resources
231,Brigitte,Huburn,bhuburn6e@bluehost.com,45,Female,Support
232,Ody,Perocci,operocci6f@va.gov,27,Male,Sales
233,Winni,Whitcher,wwhitcher6g@va.gov,27,Female,Services
234,Mitchel,Mixhel,mmixhel6h@discovery.com,29,Male,Training
235,Theo,Ilieve,tilieve6i@php.net,27,Male,Accounting
236,Elana,Harrod,eharrod6j@japanpost.jp,35,Female,Marketing
237,Giordano,Lathwell,glathwell6k@independent.co.uk,39,Male,Support
238,Elaina,Laister,elaister6l@amazon.co.uk,39,Female,Accounting
239,Leticia,Gerrell,lgerrell6m@mashable.com,27,Female,Sales
240,Jay,Handsheart,jhandsheart6n@fc2.com,38,Male,Support
241,Bree,Liff,bliff6o@arstechnica.com,29,Female,Human Resources
242,Vittoria,Bramich,vbramich6p@ebay.co.uk,35,Female,Legal
243,Nealon,Skully,nskully6q@amazonaws.com,35,Male,Sales
244,Emmett,Stopps,estopps6r@acquirethisname.com,35,Male,
245,Adolpho,Juniper,ajuniper6s@myspace.com,35,Male,
246,Tiff,Pilfold,tpilfold6t@ed.gov,33,Female,Sales
247,Kaiser,Benge,kbenge6u@newyorker.com,39,Male,Marketing
248,Cathe,Gianinotti,cgianinotti6v@tripadvisor.com,39,Female,Engineering
249,Shepherd,Trevillion,strevillion6w@globo.com,45,Male,Human Resources
250,Elia,Erratt,eerratt6x@nydailynews.com,35,Male,Business Development
251,Josselyn,Posthill,jposthill6y@craigslist.org,25,,Services
252,Fredi,de Nore,fdenore6z@discuz.net,35,Female,Sales
253,Rufe,Goadby,rgoadby70@twitter.com,39,Male,Engineering
254,Thornie,Assender,tassender71@addtoany.com,36,Male,Product Management
255,Patsy,Aymer,paymer72@house.gov,45,Female,Business Development
256,Doro,Dewi,ddewi73@auda.org.au,25,,Accounting
257,Gabie,Cristofolo,gcristofolo74@barnesandnoble.com,39,Female,Engineering
258,Harper,Overstreet,hoverstreet75@gravatar.com,40,Male,Training
259,Dominique,Brigginshaw,dbrigginshaw76@symantec.com,35,Male,
260,Kassey,Abbotson,kabbotson77@cyberchimps.com,27,Female,Sales
261,Shana,Noades,snoades78@mlb.com,25,Female,Engineering
262,Yevette,Hurdedge,yhurdedge79@dell.com,45,Female,Training
263,Ranique,MacNockater,rmacnockater7a@buzzfeed.com,45,Female,Marketing
264,Sophey,Le Gassick,slegassick7b@phpbb.com,27,Female,Marketing
265,Xymenes,Fullerton,xfullerton7c@businessinsider.com,42,Male,Services
266,Dorella,Duchateau,dduchateau7d@samsung.com,,Female,Sales
267,Joellyn,Axelby,jaxelby7e@nasa.gov,45,Female,Human Resources
268,Romy,Cleevely,rcleevely7f@time.com,27,Female,Research and Development
269,Cass,Van der Beek,cvanderbeek7g@accuweather.com,25,,Engineering
270,Brennen,Lynde,blynde7h@bbc.co.uk,35,Male,Accounting
271,Bren,Pardew,bpardew7i@arstechnica.com,39,Male,Support
272,Nonna,Kibard,nkibard7j@ehow.com,45,Female,Support
273,Patten,Gummer,pgummer7k@shutterfly.com,33,Male,Services
274,Ferrel,Springate,fspringate7l@dot.gov,33,Male,Legal
275,Wolfy,Sullivan,wsullivan7m@furl.net,27,Male,Product Management
276,Winn,Livens,wlivens7n@about.me,25,Male,Marketing
277,Lane,Lampens,llampens7o@nationalgeographic.com,45,Male,Research and Development
278,Shandy,Dumbrill,sdumbrill7p@mail.ru,45,,Business Development
279,Randy,McCreath,rmccreath7q@usnews.com,25,Male,Business Development
280,Anissa,Lemmertz,alemmertz7r@nytimes.com,25,Female,Legal
281,Ludwig,Paulson,lpaulson7s@mapquest.com,45,Male,Human Resources
282,Pattin,Sharma,psharma7t@sina.com.cn,27,Male,Product Management
283,Leopold,Gonthard,lgonthard7u@altervista.org,33,Male,Engineering
284,Dagmar,Siman,dsiman7v@tmall.com,27,Female,Marketing
285,Cynthy,Linner,clinner7w@creativecommons.org,33,Female,Training
286,Torr,Dufton,tdufton7x@prlog.org,39,Male,Product Management
287,Leonelle,MacSkeaghan,lmacskeaghan7y@goo.gl,33,Female,Marketing
288,Maynard,Bransom,mbransom7z@amazon.com,45,Male,Research and Development
289,Lisbeth,Harrap,lharrap80@goo.ne.jp,29,Female,Services
290,Ethe,Allerton,eallerton81@ihg.com,45,Male,Services
291,Lenora,Pearce,lpearce82@123-reg.co.uk,35,Female,Research and Development
292,Bekki,Agge,bagge83@smh.com.au,33,Female,Accounting
293,Dyann,Gatch,dgatch84@themeforest.net,25,Female,Training
294,Karlis,Ginnally,kginnally85@topsy.com,27,Male,Engineering
295,Corney,Le Quesne,clequesne86@infoseek.co.jp,27,Male,Business Development
296,Leontine,Pounsett,lpounsett87@chron.com,29,Female,Engineering
297,Skip,McAlindon,smcalindon88@accuweather.com,45,Male,Product Management
298,Beilul,Yandle,byandle89@topsy.com,27,Female,Training
299,Ruddie,Rapport,rrapport8a@ow.ly,27,Male,Research and Development
300,Rick,Dikelin,rdikelin8b@jalbum.net,27,Male,Legal
301,Modestine,Lansberry,mlansberry8c@sakura.ne.jp,35,Female,Legal
302,Elspeth,Spini,espini8d@addthis.com,39,Female,Support
303,Robinet,Greville,rgreville8e@livejournal.com,45,Female,
304,Renado,Goudman,rgoudman8f@mediafire.com,27,Male,Support
305,Rickert,Handyside,rhandyside8g@cam.ac.uk,29,Male,Human Resources
306,Judon,Lindbergh,jlindbergh8h@hexun.com,29,Male,Research and Development
307,Gilbertine,Staunton,gstaunton8i@indiatimes.com,35,Female,Product Management
308,Axe,Di Angelo,adiangelo8j@list-manage.com,35,Male,Business Development
309,Rebeka,Elwill,relwill8k@comsenz.com,29,Female,Product Management
310,Son,Kennifick,skennifick8l@cdbaby.com,39,Male,Engineering
311,Mildred,Dench,mdench8m@soup.io,25,Female,Business Development
312,Frederik,Owens,fowens8n@people.com.cn,39,Male,Training
313,Penrod,Domotor,pdomotor8o@woothemes.com,45,Male,Human Resources
314,Branden,Pude,bpude8p@theguardian.com,25,Male,Engineering
315,Antons,Sebright,asebright8q@discuz.net,29,Male,Services
316,Wilbur,Bleaden,wbleaden8r@wp.com,35,Male,Product Management
317,Liv,Blaxland,lblaxland8s@wordpress.com,27,Female,Human Resources
318,Giff,Robatham,grobatham8t@howstuffworks.com,25,Male,Accounting
319,Emmerich,Freiberg,efreiberg8u@latimes.com,29,Male,Marketing
320,Eloisa,Scriven,escriven8v@tmall.com,27,,Engineering
321,Mella,Pringell,mpringell8w@nsw.gov.au,35,Female,Engineering
322,Todd,Coit,tcoit8x@wsj.com,29,Male,Accounting
323,Rozina,Vines,rvines8y@newyorker.com,25,Female,Training
324,Amabel,Lombardo,alombardo8z@blinklist.com,45,Female,Engineering
325,Thorndike,Gaffney,tgaffney90@wisc.edu,29,Male,Engineering
326,Evania,Fone,efone91@google.com.hk,27,Female,
327,Teddy,Jonin,tjonin92@joomla.org,27,Female,Product Management
328,Vasilis,Tye,vtye93@mit.edu,27,Male,Product Management
329,Nils,Crotty,ncrotty94@usgs.gov,45,Male,Engineering
330,Robinson,Clelland,rclelland95@mayoclinic.com,29,Male,Engineering
331,Hubie,Orrin,horrin96@slideshare.net,25,Male,Services
332,Sean,Foulsham,sfoulsham97@addthis.com,25,Female,Engineering
333,Zora,Exell,zexell98@facebook.com,33,Female,Accounting
334,Lazarus,Hayworth,lhayworth99@ow.ly,25,Male,Marketing
335,Audre,Le Marchand,alemarchand9a@google.co.jp,45,Female,Marketing
336,Paige,Redit,predit9b@123-reg.co.uk,45,Female,Training
337,Belvia,Orleton,borleton9c@tripod.com,25,Female,Support
338,Jeanie,Ransom,jransom9d@cloudflare.com,25,Female,Marketing
339,Blondelle,Cobb,bcobb9e@answers.com,27,Female,Training
340,Lucas,Inglefield,linglefield9f@businessweek.com,45,Male,Training
341,Christopher,Hinrich,chinrich9g@sitemeter.com,35,Male,Business Development
342,Pippa,Joselin,pjoselin9h@chronoengine.com,29,Female,Human Resources
343,Rozele,Cheetam,rcheetam9i@cornell.edu,33,Female,Research and Development
344,Sadella,Darnborough,sdarnborough9j@ted.com,25,Female,Training
345,Forster,Tregian,ftregian9k@youtu.be,25,Male,Human Resources
346,Raul,Francisco,rfrancisco9l@unc.edu,45,Male,Research and Development
347,Lorrie,Conibeer,lconibeer9m@chronoengine.com,39,Female,Legal
348,Bartholomeo,Burchett,bburchett9n@imdb.com,27,Male,Product Management
349,Celka,Duffit,cduffit9o@google.ca,35,Female,Product Management
350,Kate,Hadwick,khadwick9p@cam.ac.uk,39,Female,Product Management
351,Trev,Jandak,tjandak9q@xinhuanet.com,44,Male,Accounting
352,Ricoriki,Grzegorzewski,rgrzegorzewski9r@addtoany.com,45,Male,Business Development
353,Niko,Joye,njoye9s@time.com,27,Male,Accounting
354,Noelle,Cowx,ncowx9t@yandex.ru,33,Female,Legal
355,Carling,Pennicott,cpennicott9u@nbcnews.com,39,Male,Engineering
356,Bartholomew,Hatherell,bhatherell9v@twitpic.com,41,Male,Engineering
357,Jeffy,Demogeot,jdemogeot9w@gizmodo.com,39,Male,Business Development
358,Florrie,Smedmore,fsmedmore9x@bandcamp.com,45,Female,
359,Clim,Clappison,cclappison9y@example.com,39,Male,Sales
360,Rae,Kift,rkift9z@typepad.com,45,Female,Human Resources
361,Vilhelmina,McKomb,vmckomba0@sbwire.com,27,Female,
362,Eli,Spitaro,espitaroa1@microsoft.com,39,Male,Engineering
363,Alfonse,Tirrey,atirreya2@cargocollective.com,27,Male,Services
364,Sharron,Dutch,sdutcha3@macromedia.com,25,Female,Research and Development
365,Zuzana,Winship,zwinshipa4@gnu.org,39,,Human Resources
366,Perkin,Onions,ponionsa5@chicagotribune.com,,Male,Human Resources
367,Baillie,Willbraham,bwillbrahama6@amazon.com,27,Male,Business Development
368,Peterus,Arkil,parkila7@sohu.com,29,Male,Services
369,Gwendolen,Crichmere,gcrichmerea8@wufoo.com,45,Female,Human Resources
370,Harlan,Kinnane,hkinnanea9@twitter.com,29,Male,
371,Opal,Wattam,owattamaa@japanpost.jp,27,Female,Research and Development
372,Brianne,Jinda,bjindaab@skype.com,45,Female,Research and Development
373,Robina,Jardine,rjardineac@census.gov,29,Female,Legal
374,Julina,Balffye,jbalffyead@discovery.com,45,Female,Sales
375,Mindy,Dawley,mdawleyae@google.pl,25,Female,Support
376,Robin,De Haven,rdehavenaf@google.es,27,Male,Engineering
377,Cesaro,Parbrook,cparbrookag@ameblo.jp,27,Male,Accounting
378,Yuma,Joss,yjossah@hostgator.com,35,Male,Product Management
379,Carin,Hallyburton,challyburtonai@techcrunch.com,35,Female,Engineering
380,Godiva,Pohlke,gpohlkeaj@is.gd,39,Female,Business Development
381,Lenore,Gladstone,lgladstoneak@acquirethisname.com,35,Female,Sales
382,Saleem,Barlass,sbarlassal@domainmarket.com,39,Male,Business Development
383,Giselle,Janiak,gjaniakam@altervista.org,25,Female,Sales
384,Bartholomew,Moorfield,bmoorfieldan@nbcnews.com,39,Male,Accounting
385,Rafaellle,Itscowics,ritscowicsao@studiopress.com,25,Male,
386,Wandis,Dealy,wdealyap@vistaprint.com,33,Female,Product Management
387,Denys,Arch,darchaq@java.com,27,Male,Training
388,Terese,Apps,tappsar@ovh.net,25,Female,Training
389,Cinnamon,Summerside,csummersideas@ftc.gov,39,Female,Accounting
390,Ellen,Mathonnet,emathonnetat@e-recht24.de,35,Female,Business Development
391,Mahmud,Weldrake,mweldrakeau@freewebs.com,35,Male,Engineering
392,Kriste,Petris,kpetrisav@indiatimes.com,39,Female,Engineering
393,Oates,Pues,opuesaw@dmoz.org,35,Male,Legal
394,Darnell,Dell 'Orto,ddellortoax@hud.gov,45,Male,
395,Eyde,Wernham,ewernhamay@t-online.de,25,Female,Engineering
396,Rowney,Nizard,rnizardaz@pagesperso-orange.fr,27,Male,Business Development
397,Dalt,Pedycan,dpedycanb0@cafepress.com,45,Male,Human Resources
398,Sarita,Bradfield,sbradfieldb1@mapy.cz,29,,Product Management
399,Romonda,Moncaster,rmoncasterb2@weather.com,25,Female,Training
400,Irene,Zanicchelli,izanicchellib3@digg.com,27,Female,Legal
401,Robers,Waudby,rwaudbyb4@slashdot.org,44,Male,Legal
402,Helyn,Devers,hdeversb5@bizjournals.com,35,Female,Engineering
403,Gretta,Hardy,ghardyb6@weebly.com,35,Female,Accounting
404,Trip,Pyott,tpyottb7@eepurl.com,35,Male,Services
405,Vasilis,Serrier,vserrierb8@jugem.jp,45,Male,Engineering
406,Batsheva,Klyn,bklynb9@wikipedia.org,39,Female,Services
407,Orville,Lawday,olawdayba@istockphoto.com,45,Male,Sales
408,Hyatt,Cardno,hcardnobb@usatoday.com,27,Male,Training
409,Barbra,Segrave,bsegravebc@loc.gov,33,Female,Legal
410,Neysa,Bride,nbridebd@webs.com,25,Female,Product Management
411,Fionnula,Begwell,fbegwellbe@google.fr,25,Female,Engineering
412,Dolli,Heister,dheisterbf@nbcnews.com,33,Female,Engineering
413,Pennie,Hugill,phugillbg@blogtalkradio.com,25,Female,Product Management
414,Radcliffe,Karlicek,rkarlicekbh@hostgator.com,29,Male,Human Resources
415,Xenia,Woodage,xwoodagebi@wikispaces.com,35,Female,Research and Development
416,Vanya,McTurlough,vmcturloughbj@vistaprint.com,25,Male,Support
417,Trudy,Shafier,tshafierbk@privacy.gov.au,25,Female,Support
418,Anabel,Hallahan,ahallahanbl@usatoday.com,39,,Support
419,Sherline,Vanne,svannebm@timesonline.co.uk,25,Female,Research and Development
420,Stace,Langridge,slangridgebn@archive.org,25,Female,Human Resources
421,Cathe,Hairsine,chairsinebo@timesonline.co.uk,35,Female,Legal
422,Evered,Reef,ereefbp@pbs.org,29,Male,Business Development
423,Neddy,Heinicke,nheinickebq@prnewswire.com,29,Male,Business Development
424,Marcellina,Kettley,mkettleybr@gmpg.org,35,Female,Support
425,Lynnell,Farlow,lfarlowbs@bloglovin.com,35,Female,Product Management
426,Muffin,Nendick,mnendickbt@nymag.com,25,Female,Training
427,Dory,Chaunce,dchauncebu@wix.com,39,Female,Support
428,Wyndham,Fyfield,wfyfieldbv@scribd.com,31,Male,Product Management
429,Billy,Landis,blandisbw@cpanel.net,34,Male,Human Resources
430,De,Eadmeads,deadmeadsbx@hp.com,29,Female,Training
431,Dimitry,Alvey,dalveyby@google.co.uk,27,Male,Accounting
432,Wait,Tumioto,wtumiotobz@adobe.com,39,Male,Accounting
433,Kaleena,Benson,kbensonc0@opensource.org,29,Female,Marketing
434,Charis,Jemmett,cjemmettc1@a8.net,25,Female,
435,Pippy,Ricketts,prickettsc2@timesonline.co.uk,27,Female,Engineering
436,Kissie,Leonardi,kleonardic3@wisc.edu,45,Female,Services
437,Pauline,Brockhurst,pbrockhurstc4@delicious.com,27,Female,Support
438,Rana,Rosin,rrosinc5@rakuten.co.jp,27,Female,Business Development
439,Helen-elizabeth,Denisovo,hdenisovoc6@usnews.com,25,Female,
440,Ewan,Wintersgill,ewintersgillc7@hexun.com,35,Male,Marketing
441,Frederico,Pietersen,fpietersenc8@qq.com,29,Male,Legal
442,Darrick,O'Fallon,dofallonc9@wordpress.org,39,Male,Legal
443,Kingsley,Tammadge,ktammadgeca@arizona.edu,39,Male,Marketing
444,Sybilla,Kollaschek,skollaschekcb@disqus.com,39,Female,
445,Bradan,Rozalski,brozalskicc@networksolutions.com,45,Male,Services
446,Margaux,Lamke,mlamkecd@ihg.com,35,Female,Support
447,Ibbie,Brobeck,ibrobeckce@w3.org,27,Female,Marketing
448,Gwynne,Gayne,ggaynecf@dagondesign.com,39,Female,Engineering
449,Fania,Line,flinecg@rambler.ru,25,Female,Human Resources
450,Nye,Burley,nburleych@vistaprint.com,35,Male,Support
451,Paulie,Clementson,pclementsonci@google.co.uk,27,Male,Services
452,Millisent,Harsnep,mharsnepcj@gnu.org,29,Female,Support
453,Morten,Drowsfield,mdrowsfieldck@jugem.jp,25,Male,Legal
454,Bibby,Drysdell,bdrysdellcl@yandex.ru,39,Female,Business Development
455,Hedi,Toretta,htorettacm@china.com.cn,33,Female,Engineering
456,Hettie,Bernaciak,hbernaciakcn@google.com,29,Female,Sales
457,Zora,Begg,zbeggco@ftc.gov,45,Female,Business Development
458,Jacky,Byrne,jbyrnecp@miitbeian.gov.cn,35,Male,Research and Development
459,Bearnard,Woodvine,bwoodvinecq@tamu.edu,25,Male,Legal
460,Lexi,Pothergill,lpothergillcr@macromedia.com,29,Female,Services
461,Wendie,Le Leu,wleleucs@uol.com.br,27,Female,Business Development
462,Meghann,Cuddy,mcuddyct@studiopress.com,29,Female,Human Resources
463,Tobias,Hairsine,thairsinecu@seattletimes.com,25,Male,Legal
464,Camila,Skill,cskillcv@china.com.cn,29,Female,Accounting
465,Reese,Heninghem,rheninghemcw@amazon.co.uk,39,Male,Training
466,Cal,Casillis,ccasilliscx@macromedia.com,45,Male,Accounting
467,Brooke,Layburn,blayburncy@adobe.com,35,Male,Engineering
468,Cart,Newark,cnewarkcz@ifeng.com,27,Male,Sales
469,Lilia,Greenstead,lgreensteadd0@altervista.org,39,Female,Human Resources
470,Micaela,MacAlpine,mmacalpined1@biblegateway.com,33,Female,Business Development
471,Siana,Easby,seasbyd2@dot.gov,25,Female,Accounting
472,Gisele,Quarrie,gquarried3@purevolume.com,39,Female,Accounting
473,Marylinda,Levee,mleveed4@cam.ac.uk,,Female,Engineering
474,Bryana,Fernando,bfernandod5@smh.com.au,35,Female,Engineering
475,Tye,Brehault,tbrehaultd6@blog.com,27,Male,Business Development
476,Beaufort,Butland,bbutlandd7@senate.gov,33,Male,Human Resources
477,Faythe,O'Doran,fodorand8@addtoany.com,25,Female,Legal
478,Darrell,Imorts,dimortsd9@creativecommons.org,27,Male,Support
479,Chancey,Zeal,czealda@tripadvisor.com,27,Male,Research and Development
480,Arlen,Carabine,acarabinedb@arizona.edu,39,Male,Research and Development
481,Amabelle,Maasze,amaaszedc@blogs.com,45,Female,Product Management
482,Karlotta,Prichard,kpricharddd@goodreads.com,39,Female,Business Development
483,Cindra,McGonigal,cmcgonigalde@weebly.com,39,Female,Legal
484,Hamilton,Olkowicz,holkowiczdf@cnbc.com,45,Male,Training
485,Britt,Lawlie,blawliedg@wp.com,33,Female,Legal
486,Cam,Rockcliff,crockcliffdh@woothemes.com,29,Female,Training
487,Sheilah,Bagley,sbagleydi@freewebs.com,45,Female,Research and Development
488,Modesty,Lockyer,mlockyerdj@nyu.edu,35,Female,Business Development
489,Bradan,Livingston,blivingstondk@unicef.org,35,Male,Sales
490,Miran,Etoile,metoiledl@ameblo.jp,39,Female,
491,Bendite,Fielder,bfielderdm@marriott.com,25,Female,Human Resources
492,Clementius,Booy,cbooydn@ox.ac.uk,35,Male,Human Resources
493,Augustin,Van Der Straaten,avanderstraatendo@dot.gov,27,Male,Business Development
494,Kiley,Lemerie,klemeriedp@foxnews.com,45,Male,Marketing
495,Leena,Bull,lbulldq@livejournal.com,25,Female,Accounting
496,Debbi,Sissland,dsisslanddr@slate.com,25,Female,Accounting
497,Laina,Phillipson,lphillipsonds@newsvine.com,27,Female,Research and Development
498,Mirna,Fielden,mfieldendt@theglobeandmail.com,25,Female,Product Management
499,Petr,Masding,pmasdingdu@i2i.jp,27,Male,Accounting
500,Virginia,Beneyto,vbeneytodv@columbia.edu,45,Female,Product Management
501,Ahmad,Hollington,ahollingtondw@apache.org,35,Male,Human Resources
502,Thaine,Nolton,tnoltondx@purevolume.com,39,Male,Research and Development
503,Cathy,Leaves,cleavesdy@about.me,33,Female,Human Resources
504,Sylvan,Wincom,swincomdz@bloglines.com,,Male,Marketing
505,Goldina,Boxhall,gboxhalle0@unc.edu,25,Female,Business Development
506,Junette,Huggons,jhuggonse1@census.gov,27,Female,Business Development
507,Akim,Colaco,acolacoe2@geocities.com,45,Male,Sales
508,Cointon,Bartoli,cbartolie3@ebay.co.uk,29,Male,Training
509,Rick,Kerton,rkertone4@usa.gov,35,Male,Sales
510,Gareth,Pickford,gpickforde5@loc.gov,45,Male,Accounting
511,Earvin,Vanichkov,evanichkove6@freewebs.com,33,Male,Legal
512,Birk,Moquin,bmoquine7@nymag.com,29,Male,Marketing
513,Ximenez,Stribling,xstriblinge8@wordpress.com,35,Male,Training
514,Ilse,Orleton,iorletone9@virginia.edu,35,,Accounting
515,Donovan,Chang,dchangea@weebly.com,45,Male,Human Resources
516,Alexio,Jahndel,ajahndeleb@seattletimes.com,33,Male,Services
517,Greta,Loeber,gloeberec@about.com,33,,Support
518,Sheba,McCrachen,smccrachened@discuz.net,45,Female,Support
519,Toddie,Sabban,tsabbanee@skyrock.com,27,Male,Accounting
520,Willey,Hamly,whamlyef@stanford.edu,25,Male,Human Resources
521,Morgun,Paulou,mpauloueg@soundcloud.com,25,,Training
522,Jamal,Vallentine,jvallentineeh@simplemachines.org,29,Male,Support
523,Dora,McOrkill,dmcorkillei@reverbnation.com,45,Female,Support
524,Karlik,MacAndie,kmacandieej@w3.org,25,Male,Support
525,Nadeen,Braham,nbrahamek@nsw.gov.au,25,Female,Product Management
526,Franni,Pigdon,fpigdonel@linkedin.com,25,Female,Marketing
527,Archaimbaud,Byfford,abyffordem@ca.gov,39,Male,Legal
528,Saxe,Dreghorn,sdreghornen@tuttocitta.it,35,Male,Legal
529,Shirline,Grebert,sgreberteo@gmpg.org,35,Female,Human Resources
530,Luke,Hefforde,lheffordeep@gmpg.org,27,Male,Training
531,Eran,Baglow,ebagloweq@slideshare.net,33,Female,Research and Development
532,Brnaby,Wisden,bwisdener@nyu.edu,36,Male,Research and Development
533,Honoria,Mintram,hmintrames@rakuten.co.jp,27,Female,Services
534,Chloris,Sinkings,csinkingset@skyrock.com,27,,Research and Development
535,Margot,Iacobini,miacobinieu@businesswire.com,29,Female,Product Management
536,Gerardo,Matuska,gmatuskaev@facebook.com,27,Male,Engineering
537,Lurleen,Mesant,lmesantew@toplist.cz,25,Female,Accounting
538,Rollo,Hospital,rhospitalex@yandex.ru,35,Male,Accounting
539,Mathilde,Stobie,mstobieey@furl.net,45,Female,Legal
540,Nathan,Dunge,ndungeez@simplemachines.org,25,Male,Product Management
541,Pauly,Neave,pneavef0@princeton.edu,32,Male,Marketing
542,Ruth,MacLaren,rmaclarenf1@vimeo.com,27,Female,Accounting
543,Jackson,Gregine,jgreginef2@webmd.com,29,Male,Marketing
544,Tomlin,Lippiello,tlippiellof3@opera.com,25,Male,
545,Arlena,Spreag,aspreagf4@4shared.com,45,Female,Training
546,Nil,Perello,nperellof5@cloudflare.com,35,Male,Legal
547,Sibylle,Ellesworthe,sellesworthef6@utexas.edu,29,Female,Legal
548,Carlin,Dunnett,cdunnettf7@imageshack.us,55,Male,Support
549,Gamaliel,Sasser,gsasserf8@census.gov,27,Male,Business Development
550,Janetta,Conws,jconwsf9@latimes.com,25,Female,Training
551,Hans,Radborne,hradbornefa@dropbox.com,45,Male,Marketing
552,Franklyn,Giottini,fgiottinifb@ebay.com,25,Male,Research and Development
553,Ediva,Lehrmann,elehrmannfc@amazonaws.com,27,Female,Legal
554,Hermina,Mibourne,hmibournefd@tripadvisor.com,45,Female,Sales
555,Killian,Eynald,keynaldfe@studiopress.com,39,Male,Services
556,Delora,Aslie,daslieff@delicious.com,27,Female,Marketing
557,Halette,Naismith,hnaismithfg@mac.com,45,Female,Legal
558,Lyda,Shaves,lshavesfh@livejournal.com,27,Female,Legal
559,Cissy,Obee,cobeefi@a8.net,29,Female,Human Resources
560,Goober,Branston,gbranstonfj@tmall.com,35,Male,Product Management
561,Griz,Gulston,ggulstonfk@berkeley.edu,27,Male,Training
562,Chancey,Witter,cwitterfl@washingtonpost.com,29,Male,Business Development
563,Nero,Bygrave,nbygravefm@blinklist.com,27,Male,Research and Development
564,Tedman,Jacomb,tjacombfn@google.ca,25,Male,Sales
565,Merill,Keeling,mkeelingfo@usda.gov,35,Male,Legal
566,Melvyn,Beddingham,mbeddinghamfp@sina.com.cn,29,Male,Support
567,Kaine,Landells,klandellsfq@rambler.ru,33,Male,Training
568,Saidee,Rayner,sraynerfr@cyberchimps.com,39,Female,Engineering
569,Giulia,Olliffe,golliffefs@sciencedirect.com,35,Female,Business Development
570,Shalne,Dust,sdustft@blogspot.com,45,Female,Human Resources
571,Lorelle,Bosche,lboschefu@webnode.com,35,Female,
572,Goldi,Trow,gtrowfv@mail.ru,33,Female,Sales
573,Ethel,Dungate,edungatefw@wikimedia.org,45,Female,Services
574,Elspeth,Keeves,ekeevesfx@mysql.com,33,Female,Business Development
575,Tirrell,Hardaway,thardawayfy@guardian.co.uk,,Male,Human Resources
576,Garfield,Gland,gglandfz@arizona.edu,35,Male,Research and Development
577,Rafaelia,Echallier,rechallierg0@ted.com,39,Female,Services
578,Francisco,Harrhy,fharrhyg1@cdc.gov,45,Male,Services
579,Garald,Wateridge,gwateridgeg2@cdc.gov,39,Male,Accounting
580,Izabel,Hailey,ihaileyg3@tamu.edu,39,Female,
581,Belvia,Britnell,bbritnellg4@fastcompany.com,45,Female,Legal
582,Chevy,Bechley,cbechleyg5@mtv.com,39,Male,Product Management
583,Grenville,Reveland,grevelandg6@boston.com,33,Male,Accounting
584,Claiborne,Figgins,cfigginsg7@chron.com,45,Male,Accounting
585,Fabian,Caudelier,fcaudelierg8@google.pl,45,,Marketing
586,Heather,Stones,hstonesg9@last.fm,33,Female,Support
587,Wayland,Cossentine,wcossentinega@networksolutions.com,27,Male,Marketing
588,Emmery,Cicccitti,ecicccittigb@shinystat.com,45,Male,Research and Development
589,Teddi,Dowdell,tdowdellgc@oracle.com,29,Female,Support
590,Desmond,Cote,dcotegd@cnbc.com,35,Male,Research and Development
591,Clint,Bowkett,cbowkettge@nytimes.com,27,Male,Sales
592,Irena,Boundey,iboundeygf@woothemes.com,39,Female,Accounting
593,Tracey,Lindenbluth,tlindenbluthgg@livejournal.com,45,Male,
594,Ramsay,Stiller,rstillergh@sourceforge.net,33,Male,Sales
595,Gardener,Fancott,gfancottgi@nps.gov,45,Male,Accounting
596,Tarrah,Joscelyn,tjoscelyngj@vk.com,25,Female,Marketing
597,Rockey,Pellatt,rpellattgk@mayoclinic.com,37,Male,Research and Development
598,Genni,Panther,gpanthergl@netvibes.com,35,Female,Sales
599,Mauricio,Alphonso,malphonsogm@elegantthemes.com,45,Male,Accounting
600,Ofilia,Scohier,oscohiergn@posterous.com,29,Female,Marketing
601,Coraline,Tarrant,ctarrantgo@cocolog-nifty.com,39,Female,Training
602,Burg,Cosstick,bcosstickgp@nbcnews.com,45,Male,Training
603,Buiron,Sabater,bsabatergq@plala.or.jp,25,Male,
604,Yorgos,Bangley,ybangleygr@latimes.com,36,Male,Engineering
605,Lincoln,Grenshiels,lgrenshielsgs@nature.com,45,Male,Business Development
606,Deeanne,Croisdall,dcroisdallgt@ocn.ne.jp,25,Female,Business Development
607,Hazlett,Sneller,hsnellergu@i2i.jp,35,Male,Human Resources
608,Alvin,Innwood,ainnwoodgv@washington.edu,27,Male,Human Resources
609,Krishna,Sailer,ksailergw@gmpg.org,39,,Research and Development
610,Wildon,Gillebride,wgillebridegx@miitbeian.gov.cn,35,,Sales
611,Odelinda,Santello,osantellogy@naver.com,39,Female,Services
612,Leda,Stirling,lstirlinggz@dell.com,45,Female,Sales
613,Aldric,Tempest,atempesth0@shareasale.com,45,Male,Business Development
614,Euell,Cartmel,ecartmelh1@unc.edu,39,Male,Engineering
615,Gayle,Verson,gversonh2@adobe.com,33,Male,Support
616,Korey,Venners,kvennersh3@i2i.jp,27,Male,Marketing
617,Amandy,Skeene,askeeneh4@sphinn.com,25,,Human Resources
618,Viviene,Dybald,vdybaldh5@phoca.cz,35,Female,
619,Mireielle,Brill,mbrillh6@weebly.com,45,Female,Accounting
620,Lief,Mawtus,lmawtush7@nymag.com,33,Male,Services
621,Noll,Mealiffe,nmealiffeh8@cbsnews.com,25,Male,Business Development
622,Delly,Wimpeney,dwimpeneyh9@jugem.jp,29,Female,Sales
623,Ruth,Petroff,rpetroffha@reference.com,29,Female,Product Management
624,Maridel,De-Ville,mdevillehb@digg.com,25,Female,Training
625,Johann,Pembridge,jpembridgehc@flickr.com,29,Male,Sales
626,Glad,Grayston,ggraystonhd@hc360.com,35,Female,Accounting
627,Maurizio,Biasi,mbiasihe@bluehost.com,33,Male,Training
628,Kaila,Galpin,kgalpinhf@economist.com,,Female,Business Development
629,Adams,Woollcott,awoollcotthg@nba.com,35,Male,Support
630,Amargo,Baldree,abaldreehh@intel.com,27,Female,Marketing
631,Eleen,Howel,ehowelhi@ebay.co.uk,29,Female,Accounting
632,Tedra,Stratton,tstrattonhj@forbes.com,39,Female,Accounting
633,Daria,Mackinder,dmackinderhk@1688.com,27,,Support
634,Harlin,Winram,hwinramhl@alibaba.com,45,Male,Research and Development
635,Tammie,O'Donovan,todonovanhm@flickr.com,33,Male,Legal
636,Michel,Ioan,mioanhn@ameblo.jp,35,Male,Research and Development
637,Jackqueline,Spadaro,jspadaroho@twitpic.com,39,Female,Training
638,Freeland,Garnsey,fgarnseyhp@typepad.com,45,Male,Human Resources
639,Tersina,Cadding,tcaddinghq@freewebs.com,39,Female,Research and Development
640,Ansel,Trahar,atraharhr@prweb.com,45,Male,Accounting
641,Yvor,Haygreen,yhaygreenhs@liveinternet.ru,45,Male,Services
642,Antonino,Maypowder,amaypowderht@qq.com,25,Male,Services
643,Ryan,Isacke,risackehu@techcrunch.com,35,Male,Engineering
644,Zacharie,Weighell,zweighellhv@clickbank.net,27,Male,Legal
645,Base,Brewitt,bbrewitthw@simplemachines.org,45,Male,Human Resources
646,Aylmer,McCaughey,amccaugheyhx@netscape.com,45,Male,Services
647,Corbie,Favey,cfaveyhy@indiatimes.com,35,Male,Sales
648,Gram,Frude,gfrudehz@freewebs.com,27,Male,Business Development
649,Alexis,Mellhuish,amellhuishi0@webeden.co.uk,33,Female,Marketing
650,Dawna,Ruddick,druddicki1@sciencedirect.com,33,Female,Legal
651,Marchall,Ison,misoni2@patch.com,45,Male,Research and Development
652,Lulu,Firle,lfirlei3@slate.com,27,Female,Training
653,Foss,Cullinane,fcullinanei4@patch.com,29,Male,Services
654,Jamaal,Daniello,jdanielloi5@tiny.cc,25,Male,Support
655,Kacey,Sandwick,ksandwicki6@un.org,,Female,Product Management
656,Jemima,Lowdes,jlowdesi7@pen.io,29,Female,Human Resources
657,Mano,Becke,mbeckei8@sourceforge.net,39,Male,Research and Development
658,Bram,Illsley,billsleyi9@seattletimes.com,27,Male,
659,Chuck,Tomczykowski,ctomczykowskiia@ehow.com,29,Male,Sales
660,Demetris,MacLeod,dmacleodib@xrea.com,39,Male,Legal
661,Mina,Shillitto,mshillittoic@simplemachines.org,29,Female,Marketing
662,Goldy,Ewins,gewinsid@privacy.gov.au,35,Female,Sales
663,Umberto,Rous,urousie@vimeo.com,35,Male,Engineering
664,Seymour,Bettenson,sbettensonif@rakuten.co.jp,29,Male,Engineering
665,Mac,Tolcher,mtolcherig@rakuten.co.jp,27,Male,Business Development
666,Nollie,Hanford,nhanfordih@com.com,27,Male,Product Management
667,Clerc,Ritchard,critchardii@diigo.com,33,Male,Sales
668,Lenard,Ewart,lewartij@amazon.co.jp,29,Male,Product Management
669,Bunnie,Rylands,brylandsik@google.pl,35,Female,Human Resources
670,Fabian,Provost,fprovostil@fc2.com,33,Male,Training
671,Valeda,Gopsell,vgopsellim@lycos.com,45,Female,
672,Ambur,Quixley,aquixleyin@harvard.edu,39,Female,Sales
673,Quintin,Whetson,qwhetsonio@blogtalkradio.com,45,Male,Legal
674,Marline,Paolo,mpaoloip@irs.gov,35,Female,Marketing
675,Emlyn,Keilloh,ekeillohiq@nbcnews.com,25,Female,Research and Development
676,Ettore,Davidov,edavidovir@newyorker.com,33,Male,Accounting
677,Marvin,Ireson,miresonis@ibm.com,25,Male,Accounting
678,Horten,Sloane,hsloaneit@ustream.tv,33,Male,Research and Development
679,Nollie,Satterfitt,nsatterfittiu@sogou.com,35,Female,Human Resources
680,Allyson,Hargerie,ahargerieiv@state.gov,29,Female,Product Management
681,Barrie,Halksworth,bhalksworthiw@qq.com,35,Male,Product Management
682,Kilian,Ridges,kridgesix@hhs.gov,27,,Support
683,Jud,Hrihorovich,jhrihorovichiy@unicef.org,29,Male,Research and Development
684,Durante,Gitthouse,dgitthouseiz@ca.gov,45,Male,Marketing
685,Glennie,Matfin,gmatfinj0@wordpress.org,35,Female,Research and Development
686,Brent,Gilberthorpe,bgilberthorpej1@msn.com,35,Male,Research and Development
687,Agnella,Ricardet,aricardetj2@dell.com,29,Female,Business Development
688,Gertrude,Garbutt,ggarbuttj3@amazon.co.uk,25,Female,Business Development
689,Buddy,Lapslie,blapsliej4@mac.com,27,Male,Human Resources
690,Gerhardt,Kubera,gkuberaj5@ox.ac.uk,27,Male,Human Resources
691,Donnell,Haucke,dhauckej6@google.co.uk,45,Male,Marketing
692,Candie,Labrone,clabronej7@weebly.com,39,Female,Accounting
693,Stanislas,Hewes,shewesj8@multiply.com,39,Male,Marketing
694,Carlota,Stratten,cstrattenj9@alibaba.com,29,Female,Sales
695,Ivory,Blight,iblightja@springer.com,35,,Engineering
696,Bjorn,Bulcroft,bbulcroftjb@tmall.com,33,Male,Services
697,Lelia,Senter,lsenterjc@imageshack.us,27,Female,Support
698,Gaby,Bodesson,gbodessonjd@bloomberg.com,45,Female,Research and Development
699,Daloris,Daulby,ddaulbyje@wunderground.com,45,Female,
700,Lou,Rossi,lrossijf@amazon.co.jp,33,Male,Accounting
701,Tiphani,Spancock,tspancockjg@squidoo.com,25,Female,Research and Development
702,Whitby,Sacaze,wsacazejh@statcounter.com,45,Male,Sales
703,Homere,Hounihan,hhounihanji@sun.com,35,Male,Human Resources
704,Goldi,Willoughey,gwillougheyjj@tuttocitta.it,45,Female,Sales
705,Baldwin,Cometson,bcometsonjk@edublogs.org,33,Male,Legal
706,Pammie,Warters,pwartersjl@hp.com,25,Female,Training
707,Lorelle,Blondelle,lblondellejm@altervista.org,27,Female,Marketing
708,Ramsay,Skyrme,rskyrmejn@princeton.edu,45,,Product Management
709,Christian,Cholerton,ccholertonjo@smh.com.au,45,Female,Research and Development
710,Damiano,Mylan,dmylanjp@etsy.com,27,Male,Human Resources
711,Pate,Spaven,pspavenjq@discuz.net,33,Male,Engineering
712,Jared,Ducastel,jducasteljr@odnoklassniki.ru,27,Male,Business Development
713,Federico,Jantzen,fjantzenjs@biblegateway.com,27,Male,Accounting
714,Cher,McLleese,cmclleesejt@va.gov,29,Female,Training
715,Chelsey,Devenport,cdevenportju@dion.ne.jp,29,Female,Product Management
716,Alex,Yarwood,ayarwoodjv@so-net.ne.jp,25,Female,Services
717,Salim,Godlip,sgodlipjw@omniture.com,27,Male,Services
718,Saul,Laugheran,slaugheranjx@narod.ru,29,Male,Services
719,Janey,Czajkowski,jczajkowskijy@posterous.com,35,Female,Business Development
720,Emlynn,Cowcha,ecowchajz@reuters.com,33,Female,Legal
721,Emlynn,Gherardini,egherardinik0@statcounter.com,39,Female,Business Development
722,Drucill,Battie,dbattiek1@imdb.com,29,Female,Services
723,Karia,Ineson,kinesonk2@gov.uk,39,Female,Product Management
724,Cleveland,Kivits,ckivitsk3@canalblog.com,33,Male,Human Resources
725,Kelby,Theobold,ktheoboldk4@myspace.com,27,Male,Sales
726,Taddeo,Stower,tstowerk5@skype.com,27,Male,Engineering
727,Duff,Simonou,dsimonouk6@google.co.jp,35,Male,Training
728,Kary,Summerhayes,ksummerhayesk7@buzzfeed.com,27,Female,Training
729,Mozes,Durman,mdurmank8@flickr.com,27,,Marketing
730,Ev,Joiris,ejoirisk9@google.es,33,Male,Accounting
731,Raimundo,Digby,rdigbyka@bluehost.com,39,Male,Accounting
732,Vern,Vedekhin,vvedekhinkb@bigcartel.com,35,Male,Services
733,Dante,Kersting,dkerstingkc@mlb.com,29,Male,Engineering
734,Woodie,Ruckhard,wruckhardkd@hc360.com,45,Male,Training
735,Herb,Dusting,hdustingke@freewebs.com,25,Male,Sales
736,Faustina,Merlin,fmerlinkf@ftc.gov,33,Female,Services
737,Liane,Abbie,labbiekg@cbslocal.com,45,Female,Research and Development
738,Erhart,Monson,emonsonkh@berkeley.edu,33,Male,Sales
739,Abel,Brennans,abrennanski@alibaba.com,27,Male,Product Management
740,Akim,Mac Giany,amacgianykj@yahoo.com,27,Male,
741,Idette,Lamlin,ilamlinkk@slate.com,25,Female,Engineering
742,Hildegaard,Mayler,hmaylerkl@posterous.com,35,Female,Sales
743,Augustine,Dorrian,adorriankm@hhs.gov,35,Male,Legal
744,Peter,Bernhardsson,pbernhardssonkn@huffingtonpost.com,27,Male,Product Management
745,Florenza,Woodison,fwoodisonko@vinaora.com,39,Female,Engineering
746,Liam,Paolini,lpaolinikp@hibu.com,27,Male,Training
747,Saidee,Jerdein,sjerdeinkq@so-net.ne.jp,45,Female,Human Resources
748,Kippie,Heminsley,kheminsleykr@weebly.com,29,Male,Sales
749,Alwyn,Staker,astakerks@dmoz.org,35,Male,Product Management
750,Nikola,Kahane,nkahanekt@oracle.com,45,Male,Training
751,Ky,Yarrington,kyarringtonku@vimeo.com,33,Male,Sales
752,Cyndy,Scannell,cscannellkv@redcross.org,39,Female,Services
753,Angelo,Berthome,aberthomekw@cnn.com,27,Male,Research and Development
754,Erminie,China,echinakx@yahoo.co.jp,27,Female,Services
755,Leanor,Longdon,llongdonky@tamu.edu,35,Female,Legal
756,West,Huddlestone,whuddlestonekz@sbwire.com,25,Male,Product Management
757,Stavros,Revely,srevelyl0@xinhuanet.com,35,Male,Services
758,Yettie,Boxall,yboxalll1@51.la,27,Female,Product Management
759,Alisa,Nacey,anaceyl2@telegraph.co.uk,45,Female,Product Management
760,Tamas,Mannock,tmannockl3@jigsy.com,45,Male,Support
761,Saidee,Smith,ssmithl4@virginia.edu,45,Female,Research and Development
762,Gill,Marlow,gmarlowl5@51.la,25,Male,Services
763,Gale,MacPherson,gmacphersonl6@bandcamp.com,33,Male,Legal
764,Skelly,Tewelson,stewelsonl7@cam.ac.uk,33,Male,Accounting
765,Nolana,Soot,nsootl8@posterous.com,39,Female,Support
766,Shara,Harriagn,sharriagnl9@livejournal.com,25,Female,Engineering
767,Kelcey,Conkey,kconkeyla@a8.net,25,Female,Services
768,Levon,Chater,lchaterlb@examiner.com,29,Male,Human Resources
769,Juliane,Harmes,jharmeslc@dyndns.org,33,Female,Engineering
770,Andria,Salasar,asalasarld@themeforest.net,35,Female,Human Resources
771,Nelli,Keller,nkellerle@wikimedia.org,25,Female,Accounting
772,Sander,Banner,sbannerlf@reuters.com,39,Male,Training
773,Brande,Santry,bsantrylg@wordpress.org,39,Female,Training
774,Elwin,Matveichev,ematveichevlh@yellowpages.com,39,Male,Research and Development
775,Mommy,McQuaide,mmcquaideli@hhs.gov,25,Female,Support
776,Marven,Mattke,mmattkelj@clickbank.net,39,Male,Marketing
777,Maison,Spalton,mspaltonlk@gizmodo.com,27,Male,Services
778,Esta,Houchin,ehouchinll@cyberchimps.com,33,Female,Product Management
779,Almeria,Fettis,afettislm@google.fr,27,Female,Sales
780,Arlinda,Simak,asimakln@mit.edu,33,Female,Support
781,Sophey,Mably,smablylo@vinaora.com,39,Female,Engineering
782,Jeramey,Poznanski,jpoznanskilp@npr.org,35,Male,Sales
783,Xylina,Christiensen,xchristiensenlq@sun.com,39,Female,Marketing
784,Minetta,Ozelton,mozeltonlr@cyberchimps.com,29,Female,Training
785,Reynolds,MacMaykin,rmacmaykinls@alibaba.com,25,Male,Human Resources
786,Ab,Retchless,aretchlesslt@comcast.net,39,Male,Services
787,Gillian,Velasquez,gvelasquezlu@odnoklassniki.ru,27,Female,Business Development
788,Pet,Philp,pphilplv@51.la,45,Female,Research and Development
789,Ermengarde,Labbe,elabbelw@tamu.edu,39,Female,Support
790,Colby,Leavy,cleavylx@marriott.com,45,Male,Marketing
791,Brok,Coleshill,bcoleshillly@wufoo.com,45,Male,Research and Development
792,Casper,MacGeaney,cmacgeaneylz@telegraph.co.uk,33,Male,Support
793,Carlota,Chrismas,cchrismasm0@instagram.com,33,Female,Engineering
794,Manolo,MacPharlain,mmacpharlainm1@army.mil,45,Male,Services
795,Rancell,Opdenorth,ropdenorthm2@odnoklassniki.ru,29,Male,
796,Son,Staines,sstainesm3@wix.com,,Male,Services
797,Kellen,Massie,kmassiem4@bing.com,39,Female,Marketing
798,Joey,Seson,jsesonm5@cocolog-nifty.com,25,Male,Research and Development
799,Bunni,Pallant,bpallantm6@freewebs.com,33,Female,Marketing
800,Gasper,Union,gunionm7@ca.gov,25,Male,Marketing
801,Olva,Koeppe,okoeppem8@google.co.jp,35,Female,
802,Lucia,Berzen,lberzenm9@altervista.org,35,Female,Business Development
803,Cassius,Leeder,cleederma@mit.edu,45,Male,Accounting
804,Tatum,Wimp,twimpmb@ibm.com,45,Female,Business Development
805,Averell,Sivill,asivillmc@jiathis.com,45,Male,Services
806,Aland,Sheaber,asheabermd@gizmodo.com,27,Male,Marketing
807,Marshal,Jeffers,mjeffersme@home.pl,35,Male,Business Development
808,Jess,Thain,jthainmf@amazon.co.jp,27,Male,Marketing
809,Raina,Bugdell,rbugdellmg@sun.com,45,Female,
810,Dallis,Petrovic,dpetrovicmh@sfgate.com,27,Male,Legal
811,Ricoriki,Lineen,rlineenmi@scientificamerican.com,29,Male,Support
812,Stavro,Darinton,sdarintonmj@de.vu,45,Male,Marketing
813,Martie,Bendtsen,mbendtsenmk@boston.com,33,,Support
814,Barnaby,Hargroves,bhargrovesml@posterous.com,39,Male,Services
815,Ezekiel,Danilchik,edanilchikmm@behance.net,25,Male,
816,Bill,Bellord,bbellordmn@upenn.edu,33,Male,Sales
817,Cleve,Braine,cbrainemo@zdnet.com,39,Male,Services
818,Eal,Reiglar,ereiglarmp@webeden.co.uk,27,Male,Human Resources
819,Robinson,Blewis,rblewismq@irs.gov,35,Male,Marketing
820,Blinny,Scryne,bscrynemr@netlog.com,33,Female,Services
821,Francklin,Milier,fmilierms@liveinternet.ru,29,Male,Support
822,Erin,Hanigan,ehaniganmt@illinois.edu,45,Male,Legal
823,Lucas,Ackerman,lackermanmu@google.ru,35,Male,Services
824,Devland,Tardiff,dtardiffmv@surveymonkey.com,45,Male,Accounting
825,Corbie,Tiffany,ctiffanymw@cafepress.com,25,Male,Services
826,Gayle,Fairbourne,gfairbournemx@scribd.com,27,Male,Support
827,Kenton,Tumilty,ktumiltymy@si.edu,29,Male,Engineering
828,Holli,Haynesford,hhaynesfordmz@mysql.com,45,,Marketing
829,Dillon,Dagless,ddaglessn0@independent.co.uk,39,Male,Research and Development
830,Tony,Mattheis,tmattheisn1@google.de,39,Female,Sales
831,Raina,Vashchenko,rvashchenkon2@sphinn.com,45,Female,Accounting
832,Tiler,Mildenhall,tmildenhalln3@arizona.edu,39,Male,Sales
833,Garvy,Shimwall,gshimwalln4@goo.ne.jp,29,Male,Support
834,Elayne,Greenlies,egreenliesn5@cdbaby.com,25,Female,Services
835,Wolfie,Kenelin,wkenelinn6@uol.com.br,45,Male,Marketing
836,Ulrikaumeko,Minifie,uminifien7@google.es,45,Female,Support
837,Tova,Bramsen,tbramsenn8@linkedin.com,33,Female,Product Management
838,Odessa,Mellmer,omellmern9@posterous.com,45,Female,Accounting
839,Dougy,Challinor,dchallinorna@networksolutions.com,29,Male,Human Resources
840,Dulsea,Kitching,dkitchingnb@fda.gov,35,Female,Engineering
841,Putnam,Hedgecock,phedgecocknc@cafepress.com,29,Male,Research and Development
842,Lonnie,Hazle,lhazlend@merriam-webster.com,29,Male,Human Resources
843,Winny,Belk,wbelkne@alibaba.com,,Male,Engineering
844,Romona,Cleeve,rcleevenf@auda.org.au,33,Female,
845,Fannie,Wragge,fwraggeng@clickbank.net,29,Female,Accounting
846,Wynnie,Yantsurev,wyantsurevnh@jalbum.net,45,Female,
847,Consolata,Orht,corhtni@wsj.com,39,Female,Legal
848,Ally,Lodden,aloddennj@ftc.gov,27,Female,
849,Merle,Lapham,mlaphamnk@hud.gov,33,Female,Services
850,Mehetabel,Elesander,melesandernl@vkontakte.ru,39,Female,Services
851,Mayne,Harragin,mharraginnm@feedburner.com,27,Male,Business Development
852,Evin,Dearle,edearlenn@feedburner.com,25,Male,Human Resources
853,Dionis,Axston,daxstonno@va.gov,27,Female,Accounting
854,Dode,O' Bee,dobeenp@ehow.com,25,Female,Sales
855,Scarlet,Cristofanini,scristofanininq@prweb.com,33,Female,Human Resources
856,Ileana,Androlli,iandrollinr@list-manage.com,35,Female,
857,Katherine,Linny,klinnyns@miibeian.gov.cn,45,,Marketing
858,Stacy,Summerill,ssummerillnt@hugedomains.com,45,Male,Sales
859,Francesca,Carbert,fcarbertnu@apple.com,33,Female,Marketing
860,Dov,Laville,dlavillenv@tinyurl.com,27,Male,Marketing
861,Cookie,Blizard,cblizardnw@ovh.net,45,Female,Product Management
862,Ddene,Garrow,dgarrownx@nbcnews.com,45,Female,Engineering
863,Peg,Menghi,pmenghiny@ucoz.com,27,Female,Business Development
864,Wynn,Karlsen,wkarlsennz@feedburner.com,35,Female,Research and Development
865,Rey,Triplet,rtripleto0@google.nl,29,Male,Marketing
866,Danice,Curneen,dcurneeno1@youtube.com,29,Female,Human Resources
867,Raine,Sainthill,rsainthillo2@wikispaces.com,45,Female,Product Management
868,Karola,Linnit,klinnito3@google.com.au,33,Female,Human Resources
869,Horton,Goddert.sf,hgoddertsfo4@apple.com,27,Male,Business Development
870,Blondelle,Van Merwe,bvanmerweo5@prlog.org,33,Female,Sales
871,Ceciley,Tongs,ctongso6@howstuffworks.com,29,Female,Sales
872,Chico,Trencher,ctrenchero7@google.com.hk,45,Male,Support
873,Janot,Crookston,jcrookstono8@smh.com.au,25,Female,Services
874,Abagail,Josefsohn,ajosefsohno9@unc.edu,45,Female,Human Resources
875,Shelba,Selwin,sselwinoa@microsoft.com,25,Female,Engineering
876,Hillery,Orrin,horrinob@opera.com,29,Male,Legal
877,Herschel,Diment,hdimentoc@imgur.com,27,Male,Research and Development
878,Annabella,Crannell,acrannellod@twitter.com,29,Female,Accounting
879,Alina,Thormwell,athormwelloe@cnet.com,25,Female,Accounting
880,Rikki,Brandts,rbrandtsof@umn.edu,35,Female,
881,Andrea,Schanke,aschankeog@bing.com,29,Female,Services
882,Lisette,Shortt,lshorttoh@scientificamerican.com,27,Female,Support
883,Honey,Dunphy,hdunphyoi@csmonitor.com,33,Female,Sales
884,Daffie,Aldis,daldisoj@typepad.com,35,Female,Human Resources
885,Lana,McLanaghan,lmclanaghanok@nature.com,25,Female,Marketing
886,Creighton,Darlington,cdarlingtonol@nationalgeographic.com,33,Male,Human Resources
887,Karlis,Lamerton,klamertonom@furl.net,27,Male,Research and Development
888,Gabriel,Choat,gchoaton@flickr.com,25,Male,Legal
889,Viv,Landrick,vlandrickoo@wikia.com,39,Female,Sales
890,Alejandrina,McNess,amcnessop@home.pl,39,Female,Human Resources
891,Mallory,Bonas,mbonasoq@goo.ne.jp,33,Female,Research and Development
892,Verile,Skillen,vskillenor@scribd.com,39,Female,Business Development
893,Maribelle,McKelvey,mmckelveyos@marketwatch.com,33,Female,Human Resources
894,Gunter,Pottery,gpotteryot@miibeian.gov.cn,33,Male,Human Resources
895,Saunderson,Alsopp,salsoppou@ox.ac.uk,27,Male,Marketing
896,Huntington,Ackermann,hackermannov@domainmarket.com,35,Male,Legal
897,Fenelia,Covill,fcovillow@dropbox.com,29,Female,Human Resources
898,Kincaid,Hofler,khoflerox@ebay.com,39,Male,Support
899,Rorke,Cecchi,rcecchioy@goo.gl,25,Male,Support
900,Missie,Vousden,mvousdenoz@nationalgeographic.com,39,Female,Engineering
901,Josias,Coventry,jcoventryp0@instagram.com,35,Male,Business Development
902,Susana,Foat,sfoatp1@skyrock.com,35,Female,Human Resources
903,Terrel,Menpes,tmenpesp2@census.gov,29,Male,Engineering
904,Garret,Forster,gforsterp3@amazon.co.uk,35,Male,Services
905,Jed,Genery,jgeneryp4@elpais.com,27,Male,Business Development
906,Kelvin,Pitrollo,kpitrollop5@blogspot.com,39,Male,Legal
907,Lorain,Beaves,lbeavesp6@prweb.com,39,Female,Sales
908,Greta,Bolitho,gbolithop7@state.gov,25,Female,
909,Florian,Sobczak,fsobczakp8@delicious.com,35,Male,Business Development
910,Marika,Hinchcliffe,mhinchcliffep9@unblog.fr,39,Female,Research and Development
911,Gabriele,Peterffy,gpeterffypa@github.io,39,Male,Legal
912,Selie,Alphonso,salphonsopb@guardian.co.uk,39,Female,Product Management
913,Saudra,Mahon,smahonpc@symantec.com,,Female,Human Resources
914,Victoria,Iffe,viffepd@phoca.cz,25,Female,Legal
915,Cindelyn,Fassam,cfassampe@usgs.gov,25,Female,Sales
916,Neely,Standell,nstandellpf@google.ru,39,Female,Product Management
917,Ashli,Radolf,aradolfpg@qq.com,35,Female,Marketing
918,Giselle,De Bruin,gdebruinph@oaic.gov.au,29,Female,Services
919,Nataniel,Izkovitz,nizkovitzpi@instagram.com,33,Male,Legal
920,Shannon,Huonic,shuonicpj@mashable.com,45,Male,Human Resources
921,Fidelity,Tubb,ftubbpk@europa.eu,45,Female,Business Development
922,Franchot,Clapshaw,fclapshawpl@telegraph.co.uk,29,Male,Engineering
923,Ashleigh,Frenzel;,afrenzelpm@pen.io,27,Female,Support
924,Benedetto,Lorenc,blorencpn@dion.ne.jp,35,Male,Accounting
925,Donal,Dinneen,ddinneenpo@smh.com.au,45,Male,Services
926,Zach,Cargon,zcargonpp@nationalgeographic.com,25,Male,Legal
927,Sargent,Sattin,ssattinpq@constantcontact.com,45,Male,Training
928,Gwyn,Martello,gmartellopr@imageshack.us,45,Female,Engineering
929,Jodie,Lapthorn,jlapthornps@simplemachines.org,45,Male,Services
930,Kleon,Fritchley,kfritchleypt@imdb.com,27,Male,Human Resources
931,Carmel,Sandilands,csandilandspu@smugmug.com,33,Female,Product Management
932,Nataline,Sandbatch,nsandbatchpv@xing.com,29,Female,Training
933,Merle,McCurry,mmccurrypw@hibu.com,25,Female,Business Development
934,Ashley,Verzey,averzeypx@unesco.org,25,Female,Product Management
935,Farand,Chisnall,fchisnallpy@t.co,35,Female,Human Resources
936,Jayne,Radwell,jradwellpz@mashable.com,45,Female,Human Resources
937,Dorene,Toma,dtomaq0@omniture.com,45,Female,Research and Development
938,Jaquith,Chennells,jchennellsq1@vimeo.com,33,Female,Business Development
939,Lisette,Hayworth,lhayworthq2@ycombinator.com,25,Female,Services
940,Jennica,Peacocke,jpeacockeq3@dedecms.com,29,Female,Support
941,Alfie,Agget,aaggetq4@ocn.ne.jp,27,Male,Engineering
942,Ainslee,Strettle,astrettleq5@merriam-webster.com,39,Female,Marketing
943,Carmina,Gogarty,cgogartyq6@goodreads.com,29,Female,Training
944,Huey,Sweett,hsweettq7@netscape.com,39,Male,Human Resources
945,Bond,Brithman,bbrithmanq8@sina.com.cn,39,Male,Engineering
946,Edythe,Week,eweekq9@discuz.net,35,Female,Human Resources
947,Hollie,Gerrie,hgerrieqa@last.fm,35,Female,Engineering
948,Wiley,Llorens,wllorensqb@dropbox.com,45,Male,Services
949,Nickola,Pattrick,npattrickqc@biblegateway.com,39,Male,Sales
950,Celie,Lafoy,clafoyqd@facebook.com,25,Female,Accounting
951,Red,Torry,rtorryqe@alibaba.com,39,Male,Accounting
952,Deva,Lohering,dloheringqf@shutterfly.com,35,Female,
953,Boote,Merrikin,bmerrikinqg@rambler.ru,29,Male,Training
954,Tanner,Ridings,tridingsqh@theglobeandmail.com,27,Male,Legal
955,Erminia,Grewer,egrewerqi@people.com.cn,33,Female,Engineering
956,Killie,Ephgrave,kephgraveqj@webeden.co.uk,45,Male,Research and Development
957,Riley,Pendreigh,rpendreighqk@netvibes.com,27,Male,Support
958,Agustin,Downton,adowntonql@booking.com,33,Male,Business Development
959,Krishna,Egiloff,kegiloffqm@pagesperso-orange.fr,33,Male,Training
960,Berne,Tapenden,btapendenqn@cyberchimps.com,27,,Human Resources
961,Ced,Brabbins,cbrabbinsqo@biglobe.ne.jp,33,Male,Support
962,Torin,Hazlewood,thazlewoodqp@hc360.com,35,Male,Research and Development
963,Dulcea,Pummell,dpummellqq@livejournal.com,29,Female,Sales
964,Cassandra,Tripe,ctripeqr@mayoclinic.com,29,Female,Engineering
965,Heall,Takle,htakleqs@blogtalkradio.com,27,Male,Business Development
966,Merle,Lamplough,mlamploughqt@wisc.edu,33,Male,Marketing
967,Bondie,Constantinou,bconstantinouqu@51.la,35,Male,Research and Development
968,Dacia,Leel,dleelqv@paypal.com,27,Female,
969,Farleigh,Cornejo,fcornejoqw@scribd.com,25,Male,Legal
970,Nona,Ordemann,nordemannqx@zimbio.com,29,Female,Business Development
971,Dewitt,O'Regan,doreganqy@xrea.com,39,Male,Sales
972,Saudra,Pierpoint,spierpointqz@soundcloud.com,33,Female,Engineering
973,Nappy,Redwall,nredwallr0@auda.org.au,25,Male,Legal
974,Blanche,Neil,bneilr1@cargocollective.com,25,Female,Research and Development
975,Nikolaos,Knoble,nknobler2@youtu.be,29,Male,Legal
976,Celina,Rosten,crostenr3@google.es,25,Female,Legal
977,Cele,Gronav,cgronavr4@ustream.tv,33,Female,Business Development
978,Dulsea,Canlin,dcanlinr5@amazon.co.uk,35,Female,Human Resources
979,Denis,Crippell,dcrippellr6@delicious.com,25,Male,Research and Development
980,Ola,Renn,orennr7@apache.org,35,Female,Legal
981,Isadora,Raoul,iraoulr8@dell.com,25,Female,Legal
982,Bowie,Pinel,bpinelr9@wix.com,29,Male,Services
983,Alon,Lange,alangera@biglobe.ne.jp,39,Male,Support
984,Alayne,Michallat,amichallatrb@stanford.edu,27,Female,Research and Development
985,Austin,Sincock,asincockrc@forbes.com,39,Male,Product Management
986,Iolanthe,Sanchiz,isanchizrd@chicagotribune.com,45,Female,Marketing
987,Artair,Ferneyhough,aferneyhoughre@nationalgeographic.com,35,Male,Product Management
988,Ingar,Clamp,iclamprf@booking.com,25,Male,Legal
989,Oralla,Gilliard,ogilliardrg@arstechnica.com,45,Female,Product Management
990,Bax,Balazot,bbalazotrh@sfgate.com,35,Male,Marketing
991,Brade,Pattenden,bpattendenri@mashable.com,29,Male,Services
992,Rafferty,Gallimore,rgallimorerj@zdnet.com,27,Male,Training
993,Charisse,Bossom,cbossomrk@amazon.co.jp,27,Female,Accounting
994,Prentice,Harrowell,pharrowellrl@gravatar.com,25,Male,Legal
995,Atlante,Hain,ahainrm@sakura.ne.jp,45,Female,Sales
996,Corbie,Gurg,cgurgrn@arizona.edu,39,Male,Human Resources
997,Druci,Brome,dbromero@jigsy.com,33,Female,Research and Development
998,Virgie,Stormes,vstormesrp@google.cn,45,Male,Training
999,Walther,MacDonough,wmacdonoughrq@biblegateway.com,25,Male,Business Development
1000,Angie,Puttrell,aputtrellrr@networkadvertising.org,29,Male,Services
